單詞,idf
n年,9.165647925297504
植重,9.165647925297504
海平面,9.165647925297504
海力士,9.165647925297504
浴簾,9.165647925297504
浴巾,9.165647925297504
流水,9.165647925297504
流感,9.165647925297504
洞口,9.165647925297504
洗褲,9.165647925297504
洗衣,9.165647925297504
泳衣,9.165647925297504
泳圈,9.165647925297504
泥土路,9.165647925297504
泥凝,9.165647925297504
泡腳,9.165647925297504
法律,9.165647925297504
法式,9.165647925297504
泊位,9.165647925297504
油路,9.165647925297504
油蔥,9.165647925297504
油帶,9.165647925297504
沙會,9.165647925297504
海棉,9.165647925297504
海草,9.165647925297504
消夜,9.165647925297504
溪谷,9.165647925297504
濕度,9.165647925297504
澡間,9.165647925297504
漏雨,9.165647925297504
滿格,9.165647925297504
滿會,9.165647925297504
滴兒,9.165647925297504
滑面,9.165647925297504
滑水,9.165647925297504
溫槍,9.165647925297504
溪口,9.165647925297504
消息,9.165647925297504
游泳圈,9.165647925297504
清空,9.165647925297504
淺眠者,9.165647925297504
深思,9.165647925297504
淤泥,9.165647925297504
液白,9.165647925297504
液和點,9.165647925297504
消毒液,9.165647925297504
消毒水,9.165647925297504
沙堆,9.165647925297504
沙圍,9.165647925297504
水草,9.165647925297504
橘色,9.165647925297504
母狗,9.165647925297504
死路,9.165647925297504
死台,9.165647925297504
歐兜,9.165647925297504
歐下,9.165647925297504
歌唱,9.165647925297504
檔衝,9.165647925297504
橫架,9.165647925297504
機呼,9.165647925297504
橘園,9.165647925297504
比人,9.165647925297504
樹跟,9.165647925297504
樹與樹,9.165647925297504
樹燈,9.165647925297504
樹會,9.165647925297504
樹擋,9.165647925297504
樹下區,9.165647925297504
樂頭,9.165647925297504
樂情,9.165647925297504
椿象,9.165647925297504
毒物,9.165647925297504
比列,9.165647925297504
水花,9.165647925297504
水塘,9.165647925297504
水筒,9.165647925297504
水略,9.165647925297504
水潤,9.165647925297504
水滴,9.165647925297504
水深,9.165647925297504
水浴,9.165647925297504
水泡,9.165647925297504
水景,9.165647925297504
水性,9.165647925297504
水土,9.165647925297504
毛孩子,9.165647925297504
水台,9.165647925297504
水凍,9.165647925297504
水值,9.165647925297504
水位,9.165647925297504
氣芬,9.165647925297504
氣柱,9.165647925297504
民眾,9.165647925297504
民家,9.165647925297504
毛病,9.165647925297504
濕機,9.165647925297504
濕潤,9.165647925297504
灣口,9.165647925297504
爬險,9.165647925297504
玩區,9.165647925297504
玉蜀黍,9.165647925297504
狗兒,9.165647925297504
狂會車,9.165647925297504
牽繩,9.165647925297504
特性,9.165647925297504
物桌,9.165647925297504
牛蛙,9.165647925297504
版主,9.165647925297504
爐台,9.165647925297504
玩家,9.165647925297504
爆櫃,9.165647925297504
爆桶,9.165647925297504
營錘,9.165647925297504
營車,9.165647925297504
營規,9.165647925297504
營能,9.165647925297504
營棧,9.165647925297504
營方,9.165647925297504
營指,9.165647925297504
玩吧,9.165647925297504
玩滑草,9.165647925297504
營区,9.165647925297504
環景,9.165647925297504
生疏,9.165647925297504
生活用品,9.165647925297504
生手,9.165647925297504
生平,9.165647925297504
甜香,9.165647925297504
甜橘,9.165647925297504
甜柿,9.165647925297504
甜度,9.165647925297504
環靜,9.165647925297504
瑕疵,9.165647925297504
玩物,9.165647925297504
理念,9.165647925297504
理家,9.165647925297504
理台,9.165647925297504
球具,9.165647925297504
現摘,9.165647925297504
班表,9.165647925297504
珐瑯,9.165647925297504
玻璃,9.165647925297504
环境,9.165647925297504
營場,9.165647925297504
營主騎,9.165647925297504
火把,9.165647925297504
煙頭,9.165647925297504
燒蕃麥,9.165647925297504
燈用,9.165647925297504
燈炮,9.165647925297504
燈海,9.165647925297504
燈亮,9.165647925297504
燃料,9.165647925297504
熱營,9.165647925297504
熟客,9.165647925297504
照料,9.165647925297504
煙區,9.165647925297504
營丁人,9.165647925297504
無尿味,9.165647925297504
烤餐,9.165647925297504
烤箱,9.165647925297504
烤區,9.165647925297504
炮竹,9.165647925297504
炎炎夏日,9.165647925297504
炎炎,9.165647925297504
火速,9.165647925297504
火蟲,9.165647925297504
營丁,9.165647925297504
營主勤,9.165647925297504
營主逐區,9.165647925297504
營主波,9.165647925297504
營主跟,9.165647925297504
營主賴,9.165647925297504
營主谷,9.165647925297504
營主親,9.165647925297504
營主算,9.165647925297504
營主站,9.165647925297504
營主種,9.165647925297504
營主租帳,9.165647925297504
營主浴,9.165647925297504
營主氣,9.165647925297504
營主向,9.165647925297504
營主棒,9.165647925297504
營主柴,9.165647925297504
營主才,9.165647925297504
營主所,9.165647925297504
營主戒,9.165647925297504
營主想,9.165647925297504
營主家,9.165647925297504
營主媽,9.165647925297504
營主女,9.165647925297504
椴木,9.165647925297504
植被,9.165647925297504
廁近,9.165647925297504
植落,9.165647925297504
搭件,9.165647925297504
插電,9.165647925297504
控場,9.165647925297504
接球,9.165647925297504
接收器,9.165647925297504
探路,9.165647925297504
探帳,9.165647925297504
採蜜,9.165647925297504
採橘,9.165647925297504
挑毛病,9.165647925297504
拿鐵,9.165647925297504
拿手菜,9.165647925297504
招架,9.165647925297504
拍景,9.165647925297504
押金,9.165647925297504
投影幕,9.165647925297504
投影,9.165647925297504
技能,9.165647925297504
批薩,9.165647925297504
扭力,9.165647925297504
手試,9.165647925297504
搭棚,9.165647925297504
搭篷,9.165647925297504
操地,9.165647925297504
散心,9.165647925297504
斜度,9.165647925297504
文章,9.165647925297504
文山,9.165647925297504
文字,9.165647925297504
數約,9.165647925297504
數太,9.165647925297504
整濟,9.165647925297504
整段路,9.165647925297504
整圈,9.165647925297504
教室,9.165647925297504
支柱,9.165647925297504
效率,9.165647925297504
效法,9.165647925297504
政府,9.165647925297504
攻頂,9.165647925297504
收路,9.165647925297504
收款,9.165647925297504
收服,9.165647925297504
收宅,9.165647925297504
收夜,9.165647925297504
手禮,9.165647925297504
手法,9.165647925297504
手掌,9.165647925297504
往右,9.165647925297504
心會,9.165647925297504
心意,9.165647925297504
心力,9.165647925297504
德式,9.165647925297504
微酸,9.165647925297504
微差,9.165647925297504
得罪人,9.165647925297504
很讚梅后蔓,9.165647925297504
待遇,9.165647925297504
往上面,9.165647925297504
心酸,9.165647925297504
影子,9.165647925297504
形象,9.165647925297504
強波,9.165647925297504
引水道,9.165647925297504
弓箭,9.165647925297504
建物,9.165647925297504
建材,9.165647925297504
廚餘區,9.165647925297504
廁需,9.165647925297504
心確,9.165647925297504
快速道路,9.165647925297504
手把手,9.165647925297504
成人,9.165647925297504
扁平,9.165647925297504
所有物,9.165647925297504
所在位置,9.165647925297504
房宿,9.165647925297504
房子,9.165647925297504
戒指,9.165647925297504
成片,9.165647925297504
成果,9.165647925297504
成年人,9.165647925297504
感念,9.165647925297504
怪味,9.165647925297504
感心,9.165647925297504
愛雞,9.165647925297504
意境,9.165647925297504
意味,9.165647925297504
情形,9.165647925297504
情境,9.165647925297504
怪風,9.165647925297504
怪罪,9.165647925297504
怪手,9.165647925297504
新人,9.165647925297504
新式,9.165647925297504
新胎,9.165647925297504
材燒味,9.165647925297504
枯腐,9.165647925297504
枝縫間,9.165647925297504
果子,9.165647925297504
林道,9.165647925297504
枇杷,9.165647925297504
松鼠,9.165647925297504
松果,9.165647925297504
松區,9.165647925297504
東眼,9.165647925297504
材火,9.165647925297504
柴油,9.165647925297504
材料,9.165647925297504
本土,9.165647925297504
末段,9.165647925297504
未加工,9.165647925297504
木瓜,9.165647925297504
木炭,9.165647925297504
木椅,9.165647925297504
望台,9.165647925297504
有車,9.165647925297504
一入,9.165647925297504
柴燒味,9.165647925297504
月色,9.165647925297504
條有緒,9.165647925297504
椅凳,9.165647925297504
棧班區,9.165647925297504
梳間,9.165647925297504
梯形,9.165647925297504
條難,9.165647925297504
條蛇,9.165647925297504
條線,9.165647925297504
條燈,9.165647925297504
條河,9.165647925297504
條會車,9.165647925297504
柿子,9.165647925297504
梅酒,9.165647925297504
桿營主,9.165647925297504
桐花,9.165647925297504
桌遊,9.165647925297504
桃花,9.165647925297504
桃色,9.165647925297504
桃源,9.165647925297504
格局,9.165647925297504
栅區,9.165647925297504
有蛾,9.165647925297504
月光,9.165647925297504
方位,9.165647925297504
日子,9.165647925297504
時能,9.165647925297504
時營位,9.165647925297504
時營,9.165647925297504
時應,9.165647925297504
時壓,9.165647925297504
是茄,9.165647925297504
是我太,9.165647925297504
星聚點,9.165647925297504
日照,9.165647925297504
日光,9.165647925297504
時霧,9.165647925297504
族貼,9.165647925297504
族人,9.165647925297504
旅伴,9.165647925297504
方案,9.165647925297504
方形,9.165647925297504
方幫,9.165647925297504
方加,9.165647925297504
方便管理,9.165647925297504
方便使用,9.165647925297504
時車,9.165647925297504
時面,9.165647925297504
會離,9.165647925297504
會塞,9.165647925297504
會陷,9.165647925297504
會窩,9.165647925297504
會積,9.165647925297504
會略,9.165647925297504
會濕,9.165647925297504
會潮,9.165647925297504
會滑胎,9.165647925297504
會放鳥,9.165647925297504
會導,9.165647925297504
會動,9.165647925297504
晚安,9.165647925297504
最帥,9.165647925297504
暮色,9.165647925297504
暗人,9.165647925297504
暖手,9.165647925297504
晾衣服,9.165647925297504
晴雨,9.165647925297504
景棒,9.165647925297504
景像,9.165647925297504
晨陽,9.165647925297504
生病,9.165647925297504
產季,9.165647925297504
用的,9.165647925297504
用都,9.165647925297504
連路,9.165647925297504
連蛾,9.165647925297504
連燈,9.165647925297504
造型,9.165647925297504
通融,9.165647925297504
透水性,9.165647925297504
迷區,9.165647925297504
近景,9.165647925297504
農法,9.165647925297504
轉段,9.165647925297504
車須,9.165647925297504
車處,9.165647925297504
車籠,9.165647925297504
車卡,9.165647925297504
身分,9.165647925297504
身份,9.165647925297504
踢足球,9.165647925297504
路花,9.165647925297504
路會車,9.165647925297504
路暗,9.165647925297504
路因,9.165647925297504
連車,9.165647925297504
遊趣,9.165647925297504
過亮,9.165647925297504
酸痛,9.165647925297504
釘土,9.165647925297504
金色,9.165647925297504
野餐,9.165647925297504
野草,9.165647925297504
野花,9.165647925297504
野溪,9.165647925297504
野心,9.165647925297504
野地,9.165647925297504
重長,9.165647925297504
酒店,9.165647925297504
道理,9.165647925297504
酒客,9.165647925297504
鄰路,9.165647925297504
鄰地,9.165647925297504
鄉馬胎,9.165647925297504
都分,9.165647925297504
邊放,9.165647925297504
邊所,9.165647925297504
遺跡,9.165647925297504
遠觀,9.165647925297504
距會,9.165647925297504
趣份,9.165647925297504
越界,9.165647925297504
裝上,9.165647925297504
覆地,9.165647925297504
覆土,9.165647925297504
要素,9.165647925297504
西式,9.165647925297504
裝紗網,9.165647925297504
裝燈,9.165647925297504
裝濕帳,9.165647925297504
裝濕,9.165647925297504
裝沙,9.165647925297504
補蟲,9.165647925297504
角板,9.165647925297504
被扣,9.165647925297504
被壓,9.165647925297504
被告,9.165647925297504
表情,9.165647925297504
衣架,9.165647925297504
衝者,9.165647925297504
衝團,9.165647925297504
街道,9.165647925297504
行步,9.165647925297504
規化,9.165647925297504
角蛙,9.165647925297504
起霧,9.165647925297504
費放,9.165647925297504
起水泡,9.165647925297504
起司,9.165647925297504
走音,9.165647925297504
走會,9.165647925297504
赤壁,9.165647925297504
贴文,9.165647925297504
賤會,9.165647925297504
賞桐,9.165647925297504
賞景,9.165647925297504
負言,9.165647925297504
訂場,9.165647925297504
貓車,9.165647925297504
豆娘,9.165647925297504
谷歌,9.165647925297504
警戒,9.165647925297504
請務,9.165647925297504
設燈,9.165647925297504
訂草,9.165647925297504
訂棧,9.165647925297504
訂才,9.165647925297504
釘營,9.165647925297504
釘置,9.165647925297504
釣點,9.165647925297504
顆營主,9.165647925297504
飲機,9.165647925297504
食材酸,9.165647925297504
风景,9.165647925297504
風足,9.165647925297504
風感,9.165647925297504
風太,9.165647925297504
風偶,9.165647925297504
顧場,9.165647925297504
顏值,9.165647925297504
顆樹,9.165647925297504
餐桌上,9.165647925297504
項事,9.165647925297504
鞍部,9.165647925297504
靴子,9.165647925297504
面約,9.165647925297504
面朝,9.165647925297504
靠山,9.165647925297504
靠右,9.165647925297504
靜聲,9.165647925297504
靜會,9.165647925297504
餐桌,9.165647925297504
餐碗,9.165647925297504
露面,9.165647925297504
高温,9.165647925297504
黑羊,9.165647925297504
黑墊,9.165647925297504
黑垢,9.165647925297504
黃亂,9.165647925297504
鷂婆,9.165647925297504
鳥事,9.165647925297504
魅力,9.165647925297504
高粱,9.165647925297504
高照,9.165647925297504
高景,9.165647925297504
香杉,9.165647925297504
高手,9.165647925297504
高峰期,9.165647925297504
高地,9.165647925297504
高台,9.165647925297504
體感,9.165647925297504
骨架,9.165647925297504
馬告,9.165647925297504
香菇,9.165647925297504
香精,9.165647925297504
霸王,9.165647925297504
露氣,9.165647925297504
鋼層,9.165647925297504
關園,9.165647925297504
陵線,9.165647925297504
限量,9.165647925297504
降雨,9.165647925297504
阿金,9.165647925297504
阿爸,9.165647925297504
防蚊液,9.165647925297504
防潮,9.165647925297504
關系,9.165647925297504
關流,9.165647925297504
閨蜜,9.165647925297504
隔水,9.165647925297504
間水,9.165647925297504
間會,9.165647925297504
長段,9.165647925297504
鑿痕,9.165647925297504
鐵槌,9.165647925297504
鐵棚,9.165647925297504
鏈袋,9.165647925297504
鋼營釘,9.165647925297504
鋼棚,9.165647925297504
隔局,9.165647925297504
集中式,9.165647925297504
露地,9.165647925297504
電塔,9.165647925297504
露區,9.165647925297504
霉斑,9.165647925297504
需鋪,9.165647925297504
需花,9.165647925297504
需帶,9.165647925297504
電音,9.165647925297504
電營主,9.165647925297504
電樁,9.165647925297504
電座,9.165647925297504
電人,9.165647925297504
雙帳,9.165647925297504
雷營主,9.165647925297504
雪白色,9.165647925297504
雨神,9.165647925297504
雨停景,9.165647925297504
離路,9.165647925297504
離營位,9.165647925297504
離地,9.165647925297504
雞養,9.165647925297504
雜傷,9.165647925297504
行李箱,9.165647925297504
行政,9.165647925297504
行列,9.165647925297504
穴道,9.165647925297504
竹筒,9.165647925297504
竹子林,9.165647925297504
童趣,9.165647925297504
童玩,9.165647925297504
立牌,9.165647925297504
穿衣,9.165647925297504
穿著,9.165647925297504
空污,9.165647925297504
空气,9.165647925297504
程約,9.165647925297504
等候,9.165647925297504
稀客,9.165647925297504
移車,9.165647925297504
秸樹,9.165647925297504
租雅房,9.165647925297504
秘徑,9.165647925297504
科技,9.165647925297504
私訊,9.165647925297504
神選,9.165647925297504
神殿,9.165647925297504
笑容,9.165647925297504
答案,9.165647925297504
神射手,9.165647925297504
系營位,9.165647925297504
總閘,9.165647925297504
線道,9.165647925297504
網評,9.165647925297504
網會,9.165647925297504
網傳,9.165647925297504
綠池,9.165647925297504
組數,9.165647925297504
索性,9.165647925297504
素西,9.165647925297504
系營,9.165647925297504
筷子,9.165647925297504
糯米酒,9.165647925297504
粉色,9.165647925297504
米糕,9.165647925297504
籃天,9.165647925297504
篷位,9.165647925297504
篝火,9.165647925297504
管路,9.165647925297504
管理方面,9.165647925297504
算人,9.165647925297504
神情,9.165647925297504
社能,9.165647925297504
繁殖期,9.165647925297504
病毒,9.165647925297504
直率,9.165647925297504
盥洗台,9.165647925297504
盆栽,9.165647925297504
盆子,9.165647925297504
百香果,9.165647925297504
百岳,9.165647925297504
白灰,9.165647925297504
白柚,9.165647925297504
白架,9.165647925297504
疾病,9.165647925297504
直角,9.165647925297504
番薯,9.165647925297504
男營主,9.165647925297504
男營,9.165647925297504
男朋友,9.165647925297504
男孩子,9.165647925297504
男士,9.165647925297504
男友,9.165647925297504
田地,9.165647925297504
用量,9.165647925297504
直立式,9.165647925297504
直通,9.165647925297504
磚地,9.165647925297504
砂門,9.165647925297504
碟型,9.165647925297504
碗筷,9.165647925297504
硬性,9.165647925297504
硬化,9.165647925297504
破音,9.165647925297504
破胎,9.165647925297504
破皮,9.165647925297504
砍柴,9.165647925297504
砍材,9.165647925297504
砂池,9.165647925297504
相片,9.165647925297504
砂子,9.165647925297504
砂坑,9.165647925297504
石磨,9.165647925297504
石材,9.165647925297504
石層,9.165647925297504
石尖,9.165647925297504
矮凳,9.165647925297504
眾覽山,9.165647925297504
看星,9.165647925297504
繁星,9.165647925297504
缺口,9.165647925297504
蠻帥,9.165647925297504
茶水,9.165647925297504
菜雞,9.165647925297504
菜田,9.165647925297504
菜刀,9.165647925297504
荔枝,9.165647925297504
荒地,9.165647925297504
草量,9.165647925297504
草算,9.165647925297504
草泥,9.165647925297504
草板,9.165647925297504
茶山,9.165647925297504
蓋間,9.165647925297504
茶品,9.165647925297504
茶具,9.165647925297504
茄冬,9.165647925297504
苞數,9.165647925297504
花蜜,9.165647925297504
花花草草,9.165647925297504
芭蕉,9.165647925297504
芒草,9.165647925297504
艷陽,9.165647925297504
著想,9.165647925297504
蕃茄,9.165647925297504
船人,9.165647925297504
蜂類,9.165647925297504
蟲者,9.165647925297504
螺旋,9.165647925297504
螳螂,9.165647925297504
螢區,9.165647925297504
螢主,9.165647925297504
螞儀,9.165647925297504
蝶型,9.165647925297504
蜥蟀,9.165647925297504
蜜區,9.165647925297504
蜂巢,9.165647925297504
藏身,9.165647925297504
蛾蝶,9.165647925297504
蛾多,9.165647925297504
蛙況,9.165647925297504
蚊虫,9.165647925297504
蚊能,9.165647925297504
蚊營主,9.165647925297504
蚊會,9.165647925297504
蚊捕,9.165647925297504
虎神,9.165647925297504
良地,9.165647925297504
舊會,9.165647925297504
罐用,9.165647925297504
老人,9.165647925297504
聚餐,9.165647925297504
耳湯,9.165647925297504
老閭,9.165647925297504
老版,9.165647925297504
老爸,9.165647925297504
老手,9.165647925297504
老年人,9.165647925297504
老奶奶,9.165647925297504
老人家,9.165647925297504
羽化,9.165647925297504
肉眼,9.165647925297504
群會,9.165647925297504
群峰,9.165647925297504
美食,9.165647925297504
美炸,9.165647925297504
美式,9.165647925297504
置衣,9.165647925297504
置物櫃,9.165647925297504
罩子,9.165647925297504
罩住,9.165647925297504
肉桂,9.165647925297504
肝功能,9.165647925297504
舀水,9.165647925297504
能量,9.165647925297504
臭豆腐,9.165647925297504
自然界,9.165647925297504
臉臭,9.165647925297504
臉書,9.165647925297504
腳會,9.165647925297504
腰酸背痛,9.165647925297504
脫序,9.165647925297504
脖子,9.165647925297504
能點,9.165647925297504
能裝,9.165647925297504
背心,9.165647925297504
能花,9.165647925297504
能空,9.165647925297504
能同,9.165647925297504
能力,9.165647925297504
能克服,9.165647925297504
胖子,9.165647925297504
胎紋,9.165647925297504
背負,9.165647925297504
背景,9.165647925297504
廁間,9.165647925297504
龜速,9.165647925297504
圍籬,9.165647925297504
地版,9.165647925297504
地雞,9.165647925297504
地都,9.165647925297504
地費,9.165647925297504
地硬難,9.165647925297504
地硬營,9.165647925297504
地玩,9.165647925297504
人營主,9.165647925297504
人營主會,9.165647925297504
仙后座,9.165647925297504
地營主,9.165647925297504
人理,9.165647925297504
人能,9.165647925297504
地情,9.165647925297504
地墊會,9.165647925297504
地塾,9.165647925297504
地基,9.165647925297504
地難,9.165647925297504
人才,9.165647925297504
坐凳,9.165647925297504
坐盆,9.165647925297504
人工湖,9.165647925297504
外宿,9.165647925297504
外客,9.165647925297504
外凸,9.165647925297504
優值,9.165647925297504
塵霾,9.165647925297504
場雨,9.165647925297504
場域,9.165647925297504
報路,9.165647925297504
基服,9.165647925297504
人彈,9.165647925297504
城嘯,9.165647925297504
型式,9.165647925297504
垃圾箱,9.165647925297504
坡角,9.165647925297504
人需,9.165647925297504
在茄,9.165647925297504
命名,9.165647925297504
位密度,9.165647925297504
估狗,9.165647925297504
喝啤酒,9.165647925297504
善款,9.165647925297504
啟程,9.165647925297504
問營主說,9.165647925297504
商用,9.165647925297504
位址,9.165647925297504
商圈,9.165647925297504
土豪,9.165647925297504
商人,9.165647925297504
品格,9.165647925297504
品德,9.165647925297504
咖灰營主,9.165647925297504
咖灰,9.165647925297504
低星,9.165647925297504
咖啡豆,9.165647925297504
單巷,9.165647925297504
單道,9.165647925297504
嘴巴,9.165647925297504
噴雨,9.165647925297504
土牧,9.165647925297504
土屋,9.165647925297504
代理人,9.165647925297504
土壤,9.165647925297504
土塵,9.165647925297504
土地公,9.165647925297504
土味,9.165647925297504
圖資,9.165647925297504
園會,9.165647925297504
圍簾,9.165647925297504
仿木,9.165647925297504
因樹,9.165647925297504
因子,9.165647925297504
四男,9.165647925297504
四人,9.165647925297504
外界,9.165647925297504
外車,9.165647925297504
多汁,9.165647925297504
太尖,9.165647925297504
主是,9.165647925297504
太能,9.165647925297504
太空,9.165647925297504
太熱會,9.165647925297504
太滑,9.165647925297504
主會,9.165647925297504
主浴,9.165647925297504
主神,9.165647925297504
夜宿,9.165647925297504
主能,9.165647925297504
主臭,9.165647925297504
太密,9.165647925297504
主角,9.165647925297504
之刃,9.165647925297504
太傷,9.165647925297504
太低者,9.165647925297504
主打,9.165647925297504
失物,9.165647925297504
奇檬子,9.165647925297504
奎輝,9.165647925297504
娥了,9.165647925297504
娘家,9.165647925297504
主人翁,9.165647925297504
姐妹,9.165647925297504
姐夫,9.165647925297504
姊姊,9.165647925297504
妞寶,9.165647925297504
好心人,9.165647925297504
好區,9.165647925297504
奶瓶,9.165647925297504
女營,9.165647925297504
主才,9.165647925297504
女朋友,9.165647925297504
女性朋友,9.165647925297504
女子,9.165647925297504
天花板,9.165647925297504
乘客,9.165647925297504
天色,9.165647925297504
人包區,9.165647925297504
大滑,9.165647925297504
大池,9.165647925297504
大水,9.165647925297504
大強,9.165647925297504
大幸,9.165647925297504
大嫂,9.165647925297504
大大降低,9.165647925297504
人太,9.165647925297504
人居,9.165647925297504
大地,9.165647925297504
人工化,9.165647925297504
大伙,9.165647925297504
夜路,9.165647925297504
夜色,9.165647925297504
人工河,9.165647925297504
人合,9.165647925297504
大神,9.165647925297504
了茄,9.165647925297504
大置,9.165647925297504
事事,9.165647925297504
天生,9.165647925297504
天暗,9.165647925297504
天景,9.165647925297504
事宜,9.165647925297504
事隔,9.165647925297504
大餐,9.165647925297504
五區,9.165647925297504
交易,9.165647925297504
大道,9.165647925297504
大袋,9.165647925297504
大蛇,9.165647925297504
大草,9.165647925297504
大腿,9.165647925297504
大肚,9.165647925297504
低面,9.165647925297504
味珍香,9.165647925297504
婚宴,9.165647925297504
出水量,9.165647925297504
切菜,9.165647925297504
分線,9.165647925297504
個檻,9.165647925297504
分租,9.165647925297504
個置,9.165647925297504
分流,9.165647925297504
分区,9.165647925297504
出水口,9.165647925297504
冰寒,9.165647925297504
出景,9.165647925297504
凹洞,9.165647925297504
冷鼠,9.165647925297504
冷食,9.165647925297504
冷漠,9.165647925297504
冰飲,9.165647925297504
冰食材,9.165647925297504
個會,9.165647925297504
刨冰,9.165647925297504
别帳,9.165647925297504
前半部,9.165647925297504
匯車,9.165647925297504
包團,9.165647925297504
勾錐,9.165647925297504
勺子,9.165647925297504
動滋,9.165647925297504
加快速度,9.165647925297504
俯景,9.165647925297504
功德,9.165647925297504
功力,9.165647925297504
力道,9.165647925297504
力親,9.165647925297504
前車,9.165647925297504
前提,9.165647925297504
前庭,9.165647925297504
前台,9.165647925297504
假使能,9.165647925297504
假想,9.165647925297504
味營主,9.165647925297504
免洗餐具,9.165647925297504
內腳,9.165647925297504
內用,9.165647925297504
內營,9.165647925297504
內流,9.165647925297504
內會,9.165647925297504
內備,9.165647925297504
偶聞,9.165647925297504
免帶,9.165647925297504
冬陽,9.165647925297504
光芒,9.165647925297504
催眠曲,9.165647925297504
先扣,9.165647925297504
先上,9.165647925297504
傳車,9.165647925297504
充份,9.165647925297504
儲物架,9.165647925297504
全包,9.165647925297504
全包區,9.165647925297504
偶會,9.165647925297504
全景,9.165647925297504
共餐,9.165647925297504
共舞,9.165647925297504
偏酸,9.165647925297504
共營,9.165647925297504
共伙,9.165647925297504
公道,9.165647925297504
側所,9.165647925297504
公司,9.165647925297504
兩球,9.165647925297504
兩女,9.165647925297504
全黑,9.165647925297504
全雞,9.165647925297504
全能,9.165647925297504
全聯,9.165647925297504
全濕帳,9.165647925297504
區人,9.165647925297504
區則,9.165647925297504
保線,9.165647925297504
口味,9.165647925297504
台北人,9.165647925297504
古道,9.165647925297504
作品,9.165647925297504
口質,9.165647925297504
口水,9.165647925297504
口哨,9.165647925297504
作氣,9.165647925297504
口吻,9.165647925297504
區團,9.165647925297504
受力,9.165647925297504
叔叔,9.165647925297504
友放食,9.165647925297504
友帶,9.165647925297504
佳會,9.165647925297504
去路,9.165647925297504
原野,9.165647925297504
台層,9.165647925297504
台星,9.165647925297504
台會,9.165647925297504
台車,9.165647925297504
告示板,9.165647925297504
含戲,9.165647925297504
吠叫,9.165647925297504
名字,9.165647925297504
名子,9.165647925297504
同窗,9.165647925297504
同理,9.165647925297504
同室,9.165647925297504
同區,9.165647925297504
同伴,9.165647925297504
合菜,9.165647925297504
合法性,9.165647925297504
合法,9.165647925297504
右區,9.165647925297504
台面,9.165647925297504
原生,9.165647925297504
原民,9.165647925297504
原始人,9.165647925297504
區用,9.165647925297504
區浴,9.165647925297504
區水,9.165647925297504
區款,9.165647925297504
保冷袋,9.165647925297504
區棧,9.165647925297504
區格,9.165647925297504
區木,9.165647925297504
區易,9.165647925297504
區數,9.165647925297504
區放,9.165647925297504
區想,9.165647925297504
區底,9.165647925297504
區帳,9.165647925297504
區夜,9.165647925297504
區地,9.165647925297504
區燈,9.165647925297504
區畫,9.165647925297504
原味,9.165647925297504
區種,9.165647925297504
厚片,9.165647925297504
厚度,9.165647925297504
厕所,9.165647925297504
使用量,9.165647925297504
印像,9.165647925297504
卡位,9.165647925297504
半區,9.165647925297504
區需,9.165647925297504
供人,9.165647925297504
區醬,9.165647925297504
區遇,9.165647925297504
區視,9.165647925297504
區落,9.165647925297504
區與區,9.165647925297504
區算,9.165647925297504
串燈,9.165647925297504
儲熱桶,9.165647925297504
下地,9.165647925297504
市面,9.165647925297504
三球,9.165647925297504
客能,9.165647925297504
布幕,9.165647925297504
市面上,9.165647925297504
客評,9.165647925297504
客語,9.165647925297504
小主,9.165647925297504
小道,9.165647925297504
市大,9.165647925297504
三格,9.165647925297504
小三花,9.165647925297504
巷子,9.165647925297504
少會,9.165647925297504
差距,9.165647925297504
布荷,9.165647925297504
小台,9.165647925297504
帳費,9.165647925297504
上桌,9.165647925297504
帳浴,9.165647925297504
一座座,9.165647925297504
客家菜,9.165647925297504
帳收,9.165647925297504
帳底,9.165647925297504
小腿肚,9.165647925297504
不包區,9.165647925297504
席地,9.165647925297504
小茶,9.165647925297504
小草,9.165647925297504
小商店,9.165647925297504
小蝌蚪,9.165647925297504
客服,9.165647925297504
上帝,9.165647925297504
三景,9.165647925297504
差水,9.165647925297504
差太,9.165647925297504
山影,9.165647925297504
密徑,9.165647925297504
富士,9.165647925297504
尿意,9.165647925297504
一池,9.165647925297504
實境,9.165647925297504
專頁,9.165647925297504
山地,9.165647925297504
工程,9.165647925297504
射靶,9.165647925297504
屋況,9.165647925297504
不太能,9.165647925297504
局限,9.165647925297504
居家,9.165647925297504
屁飆,9.165647925297504
山會,9.165647925297504
山粉,9.165647925297504
尿急,9.165647925297504
密境,9.165647925297504
一族,9.165647925297504
山霧,9.165647925297504
容量,9.165647925297504
容器,9.165647925297504
尾款,9.165647925297504
峭壁,9.165647925297504
對線,9.165647925297504
川流,9.165647925297504
工作室,9.165647925297504
世俗,9.165647925297504
尖鋒,9.165647925297504
工作效率,9.165647925297504
工地,9.165647925297504
帳營主,9.165647925297504
帳分,9.165647925297504
小池,9.165647925297504
客們,9.165647925297504
廁分,9.165647925297504
下文,9.165647925297504
庭院,9.165647925297504
平易近人,9.165647925297504
座椅,9.165647925297504
子架,9.165647925297504
季時,9.165647925297504
小店,9.165647925297504
小弟,9.165647925297504
幻境,9.165647925297504
床位,9.165647925297504
季會,9.165647925297504
季末,9.165647925297504
小熊,9.165647925297504
底片,9.165647925297504
季見,9.165647925297504
度間,9.165647925297504
店主,9.165647925297504
小物,9.165647925297504
孩子王,9.165647925297504
小手,9.165647925297504
客位,9.165647925297504
中雨,9.165647925297504
客夜,9.165647925297504
小站,9.165647925297504
小段,9.165647925297504
嬤都,9.165647925297504
廁數,9.165647925297504
帳車,9.165647925297504
帳邊,9.165647925297504
小童,9.165647925297504
小窩感,9.165647925297504
小條,8.760182817189339
古意,8.760182817189339
反潮,8.760182817189339
尿味,8.760182817189339
小營位,8.760182817189339
牛肉,8.760182817189339
散散步,8.760182817189339
故事,8.760182817189339
整群,8.760182817189339
牌子,8.760182817189339
小牛,8.760182817189339
吃力,8.760182817189339
片護,8.760182817189339
整路,8.760182817189339
租金,8.760182817189339
窟窿,8.760182817189339
作客,8.760182817189339
小椅子,8.760182817189339
空空,8.760182817189339
地型,8.760182817189339
取景,8.760182817189339
穿衣服,8.760182817189339
邊聞,8.760182817189339
高空,8.760182817189339
地址,8.760182817189339
尿尿,8.760182817189339
狂吠,8.760182817189339
地力,8.760182817189339
口感,8.760182817189339
穿鞋,8.760182817189339
窘境,8.760182817189339
尿斗,8.760182817189339
疤疤,8.760182817189339
小猫,8.760182817189339
碎念,8.760182817189339
方可,8.760182817189339
睡墊,8.760182817189339
新蓋,8.760182817189339
生火,8.760182817189339
小菜,8.760182817189339
重新整理,8.760182817189339
叉路口,8.760182817189339
高功率,8.760182817189339
目的,8.760182817189339
目地,8.760182817189339
中餐,8.760182817189339
玩法,8.760182817189339
品牌,8.760182817189339
男性,8.760182817189339
商量,8.760182817189339
白目,8.760182817189339
鄰帳,8.760182817189339
小腿,8.760182817189339
病菌,8.760182817189339
商家,8.760182817189339
番茄,8.760182817189339
吹泡泡,8.760182817189339
伙食,8.760182817189339
星座,8.760182817189339
野兔,8.760182817189339
尺寸,8.760182817189339
時因,8.760182817189339
小群,8.760182817189339
破洞,8.760182817189339
小白,8.760182817189339
小白狗,8.760182817189339
下午茶,8.760182817189339
砂網,8.760182817189339
國五,8.760182817189339
因雨,8.760182817189339
琉璃,8.760182817189339
星是,8.760182817189339
少收,8.760182817189339
石鍋,8.760182817189339
石礫,8.760182817189339
伙伴,8.760182817189339
回娘家,8.760182817189339
石桌,8.760182817189339
小鬼,8.760182817189339
屁孩,8.760182817189339
嫂子,8.760182817189339
叉路,8.760182817189339
車帳,8.760182817189339
心想,8.760182817189339
螽斯,8.760182817189339
躁音,8.760182817189339
平面,8.760182817189339
一家子,8.760182817189339
蜜香,8.760182817189339
冰水,8.760182817189339
倒楣,8.760182817189339
蛾類,8.760182817189339
蛾跟,8.760182817189339
冰食,8.760182817189339
蚊防,8.760182817189339
車床,8.760182817189339
車貼,8.760182817189339
車會,8.760182817189339
帳距,8.760182817189339
蓄水,8.760182817189339
落羽,8.760182817189339
出水孔,8.760182817189339
菜色,8.760182817189339
菜渣,8.760182817189339
草長,8.760182817189339
草道,8.760182817189339
帳帳,8.760182817189339
帳團,8.760182817189339
帳包,8.760182817189339
黑夜,8.760182817189339
年青人,8.760182817189339
公告,8.760182817189339
公公,8.760182817189339
廁水,8.760182817189339
廁太,8.760182817189339
廚餘桶,8.760182817189339
先行,8.760182817189339
廁區,8.760182817189339
光源,8.760182817189339
賞星,8.760182817189339
貓會,8.760182817189339
變球池,8.760182817189339
護草,8.760182817189339
座式,8.760182817189339
警告,8.760182817189339
座位,8.760182817189339
內賞,8.760182817189339
店小二,8.760182817189339
親民,8.760182817189339
路牌,8.760182817189339
全濕,8.760182817189339
黑板,8.760182817189339
全貌,8.760182817189339
裝水,8.760182817189339
袋子,8.760182817189339
表面,8.760182817189339
八卦,8.760182817189339
路算,8.760182817189339
草木,8.760182817189339
車點,8.760182817189339
管子,8.760182817189339
缺憾,8.760182817189339
逆向,8.760182817189339
麒麟,8.760182817189339
保持良好,8.760182817189339
老朋友,8.760182817189339
區樹,8.760182817189339
老小,8.760182817189339
排序,8.760182817189339
父母,8.760182817189339
排泄物,8.760182817189339
一星,8.760182817189339
山茶,8.760182817189339
區草,8.760182817189339
區車,8.760182817189339
茶花,8.760182817189339
插曲,8.760182817189339
高速公路,8.760182817189339
網紗,8.760182817189339
山居,8.760182817189339
層架,8.760182817189339
細項,8.760182817189339
收假,8.760182817189339
紅肉,8.760182817189339
屋主,8.760182817189339
糖果,8.760182817189339
精神,8.760182817189339
米酒,8.760182817189339
老鼠,8.760182817189339
耳朵,8.760182817189339
指引方向,8.760182817189339
聲太,8.760182817189339
別帳,8.760182817189339
利用,8.760182817189339
麻薯,8.760182817189339
前區,8.760182817189339
苦花,8.760182817189339
輪候,8.760182817189339
花茶,8.760182817189339
花果,8.760182817189339
花木,8.760182817189339
花卉,8.760182817189339
前會,8.760182817189339
前段,8.760182817189339
所需,8.760182817189339
自豪,8.760182817189339
腿力,8.760182817189339
辦電音,8.760182817189339
助人,8.760182817189339
動滋動,8.760182817189339
修路,8.760182817189339
打赤膊,8.760182817189339
信任,8.760182817189339
包帳,8.760182817189339
技巧,8.760182817189339
拖地,8.760182817189339
肥皂,8.760182817189339
排水管,8.760182817189339
煤油,8.760182817189339
主因,8.760182817189339
營主泡,8.760182817189339
模式,8.760182817189339
水亂,8.760182817189339
降風,8.760182817189339
款式,8.760182817189339
枯木,8.760182817189339
天雨,8.760182817189339
防水布,8.760182817189339
水色,8.760182817189339
溢流,8.760182817189339
水糟,8.760182817189339
湖面,8.760182817189339
人性化,8.760182817189339
湖光山色,8.760182817189339
柴爐,8.760182817189339
人情,8.760182817189339
妻小,8.760182817189339
營主帶,8.760182817189339
水盆,8.760182817189339
温度,8.760182817189339
主食,8.760182817189339
枸杞,8.760182817189339
營主是,8.760182817189339
水源地,8.760182817189339
椰子,8.760182817189339
清水,8.760182817189339
客房,8.760182817189339
桿子,8.760182817189339
人手,8.760182817189339
人士,8.760182817189339
會帶,8.760182817189339
好景,8.760182817189339
泡水,8.760182817189339
河道,8.760182817189339
板娘,8.760182817189339
濾水,8.760182817189339
附燈,8.760182817189339
好事,8.760182817189339
好人,8.760182817189339
天才,8.760182817189339
夜燈,8.760182817189339
有效率,8.760182817189339
事物,8.760182817189339
夜市,8.760182817189339
火金,8.760182817189339
主對,8.760182817189339
火金姑,8.760182817189339
陌生人,8.760182817189339
燈串,8.760182817189339
事件,8.760182817189339
澡堂,8.760182817189339
小事,8.760182817189339
有景,8.760182817189339
防雨,8.760182817189339
大台,8.760182817189339
宵夜,8.760182817189339
會痛,8.760182817189339
大吼大叫,8.760182817189339
人帶,8.760182817189339
照路,8.760182817189339
果汁,8.760182817189339
小哥,8.760182817189339
木板,8.760182817189339
面景,8.760182817189339
棚位,8.760182817189339
人力,8.760182817189339
離城,8.760182817189339
顆星,8.760182817189339
鍋具,8.760182817189339
水水,8.760182817189339
棚子,8.760182817189339
營站,8.760182817189339
大水池,8.760182817189339
雨篷,8.760182817189339
太短,8.760182817189339
水強,8.760182817189339
地球,8.760182817189339
女性,8.760182817189339
營主養,8.760182817189339
景物,8.760182817189339
封路,8.760182817189339
營槌,8.760182817189339
小會車,8.760182817189339
地段,8.760182817189339
密度,8.760182817189339
地會,8.760182817189339
水泥路,8.760182817189339
消耗,8.760182817189339
流浪狗,8.760182817189339
小帳,8.760182817189339
木桌,8.760182817189339
流星雨,8.760182817189339
水温,8.760182817189339
天候,8.760182817189339
淋濕,8.760182817189339
地表,8.760182817189339
柑仔店,8.760182817189339
景象,8.760182817189339
梯型,8.760182817189339
棉花,8.760182817189339
大拇指,8.760182817189339
比例,8.760182817189339
大路,8.760182817189339
浴側,8.760182817189339
香醇,8.760182817189339
棚架,8.760182817189339
太少間,8.760182817189339
棧板區,8.760182817189339
空位,8.472500744737559
被子,8.472500744737559
大包,8.472500744737559
蟋蟀,8.472500744737559
兩區,8.472500744737559
蜈蚣,8.472500744737559
口罩,8.472500744737559
便利性,8.472500744737559
秩序,8.472500744737559
能玩,8.472500744737559
定會,8.472500744737559
一遊,8.472500744737559
整包,8.472500744737559
共遊,8.472500744737559
活力,8.472500744737559
中心,8.472500744737559
床包,8.472500744737559
滴水,8.472500744737559
亮度,8.472500744737559
精心,8.472500744737559
屋簷,8.472500744737559
零食,8.472500744737559
遊具,8.472500744737559
尾巴,8.472500744737559
女營主,8.472500744737559
隘蘭,8.472500744737559
微溫,8.472500744737559
泥地,8.472500744737559
二區,8.472500744737559
泥水,8.472500744737559
屁股,8.472500744737559
木材,8.472500744737559
隔板,8.472500744737559
友們,8.472500744737559
食用,8.472500744737559
食品,8.472500744737559
衛廁,8.472500744737559
大型犬,8.472500744737559
海派,8.472500744737559
官網,8.472500744737559
大團,8.472500744737559
木柴,8.472500744737559
不容,8.472500744737559
缺水,8.472500744737559
蟾蜍,8.472500744737559
松下,8.472500744737559
大器,8.472500744737559
號區,8.472500744737559
行為,8.472500744737559
太棒,8.472500744737559
全部都是,8.472500744737559
地理,8.472500744737559
星院,8.472500744737559
人潮,8.472500744737559
人會,8.472500744737559
星河,8.472500744737559
因素,8.472500744737559
瓦數,8.472500744737559
草屯,8.472500744737559
星斗,8.472500744737559
生啤酒,8.472500744737559
地震,8.472500744737559
下巴,8.472500744737559
濕氣,8.472500744737559
姐姐,8.472500744737559
重度,8.472500744737559
用材,8.472500744737559
柏油,8.472500744737559
水熱,8.472500744737559
條路,8.472500744737559
玩玩,8.472500744737559
坑坑,8.472500744737559
冷度,8.472500744737559
車泊,8.472500744737559
兄弟,8.472500744737559
晚收,8.472500744737559
爸爸,8.472500744737559
人群,8.472500744737559
黑蚊,8.472500744737559
蔬果,8.472500744737559
蚊燈,8.472500744737559
地毯,8.472500744737559
下坡路,8.472500744737559
落石,8.472500744737559
狗會,8.472500744737559
落地,8.472500744737559
猴群,8.472500744737559
地營釘,8.472500744737559
王位,8.472500744737559
水力,8.472500744737559
蛋糕,8.472500744737559
植栽,8.472500744737559
瞭望台,8.472500744737559
太重,8.472500744737559
小吃,8.472500744737559
手作,8.472500744737559
功率,8.472500744737559
無景,8.472500744737559
小人,8.472500744737559
市集,8.472500744737559
吐司,8.472500744737559
少帶,8.472500744737559
影片,8.472500744737559
黑糖,8.472500744737559
砂石,8.472500744737559
文化,8.472500744737559
同事,8.472500744737559
吊床,8.472500744737559
天棚,8.472500744737559
板子,8.472500744737559
汽水,8.472500744737559
流星,8.472500744737559
內路,8.472500744737559
下釘,8.472500744737559
旅程,8.472500744737559
旅客,8.472500744737559
水箱,8.472500744737559
商店,8.472500744737559
所有人,8.472500744737559
人心,8.472500744737559
營主像,8.472500744737559
訂營位,8.472500744737559
百帳,8.472500744737559
水柱,8.249357193423348
柴火,8.249357193423348
板區,8.249357193423348
挖沙,8.249357193423348
車宿,8.249357193423348
油桐,8.249357193423348
天地,8.249357193423348
聲量,8.249357193423348
客家,8.249357193423348
帳用,8.249357193423348
舒壓,8.249357193423348
客家人,8.249357193423348
泡沫,8.249357193423348
成群,8.249357193423348
水會,8.249357193423348
沙子,8.249357193423348
性能,8.249357193423348
蜘蛛,8.249357193423348
身影,8.249357193423348
區會,8.249357193423348
冰桶,8.249357193423348
草坡,8.249357193423348
交朋友,8.249357193423348
零星,8.249357193423348
枯枝,8.249357193423348
人造,8.249357193423348
燒材,8.249357193423348
整地,8.249357193423348
月份,8.249357193423348
月亮,8.249357193423348
餐具,8.249357193423348
住家,8.249357193423348
黑色,8.249357193423348
眼睛,8.249357193423348
真棒,8.249357193423348
白色,8.249357193423348
營主太,8.249357193423348
最靠近,8.249357193423348
形蟲,8.249357193423348
小白菜,8.249357193423348
單帳,8.249357193423348
用具,8.249357193423348
器材,8.249357193423348
內帳,8.249357193423348
甘心,8.249357193423348
星樂,8.249357193423348
弟弟,8.249357193423348
地瓜,8.249357193423348
玩球,8.249357193423348
引擎,8.249357193423348
狗吠,8.249357193423348
營客,8.249357193423348
賞螢,8.249357193423348
特二區,8.249357193423348
物櫃,8.249357193423348
晨曦,8.249357193423348
地太,8.249357193423348
很糟,8.249357193423348
床墊,8.249357193423348
收尾,8.249357193423348
收太,8.249357193423348
羽毛球,8.249357193423348
秘密,8.249357193423348
一流,8.249357193423348
地布,8.249357193423348
定位,8.249357193423348
主人家,8.067035636629395
風繩,8.067035636629395
柑橘,8.067035636629395
水泥地,8.067035636629395
消失,8.067035636629395
私藏,8.067035636629395
水流,8.067035636629395
青草,8.067035636629395
縣道,8.067035636629395
木棧,8.067035636629395
二度,8.067035636629395
香蕉,8.067035636629395
廁浴,8.067035636629395
青菜,8.067035636629395
身心,8.067035636629395
景庭,8.067035636629395
巡場,8.067035636629395
區能,8.067035636629395
帳會,8.067035636629395
時營主,8.067035636629395
小燈,8.067035636629395
猴子,8.067035636629395
蜻蜓,8.067035636629395
帳間,8.067035636629395
水坑,8.067035636629395
浴盆,8.067035636629395
蔬菜,8.067035636629395
星光,8.067035636629395
午餐,8.067035636629395
目的地,8.067035636629395
妹妹,8.067035636629395
火台,8.067035636629395
梅后,8.067035636629395
全程,8.067035636629395
板凳,8.067035636629395
澡盆,8.067035636629395
功能,8.067035636629395
竹子,8.067035636629395
親力,8.067035636629395
臭臭,8.067035636629395
沙地,8.067035636629395
手工,8.067035636629395
大姐,8.067035636629395
都市人,8.067035636629395
材燒,8.067035636629395
概念,8.067035636629395
隔音,8.067035636629395
用水,8.067035636629395
商品,8.067035636629395
方法,8.067035636629395
太難,8.067035636629395
坡道,8.067035636629395
旅車,8.067035636629395
小米,8.067035636629395
人房,8.067035636629395
形容,8.067035636629395
紗網,8.067035636629395
棉被,7.912884956802135
套房,7.912884956802135
奶茶,7.912884956802135
步行,7.912884956802135
心目,7.912884956802135
踢球,7.912884956802135
蚱蜢,7.912884956802135
全身,7.912884956802135
置物架,7.912884956802135
小天地,7.912884956802135
狗屎,7.912884956802135
使用者,7.912884956802135
家用,7.912884956802135
泡菜,7.912884956802135
收濕帳,7.912884956802135
隧道,7.912884956802135
垃圾筒,7.912884956802135
池子,7.912884956802135
不合理,7.912884956802135
仙女,7.912884956802135
睡袋,7.912884956802135
水廁,7.912884956802135
出面,7.912884956802135
牛奶,7.912884956802135
晚霞,7.912884956802135
程度,7.912884956802135
爬坡,7.912884956802135
私人,7.912884956802135
行李,7.779353564177613
角落,7.779353564177613
便利商店,7.779353564177613
區營主,7.779353564177613
告示牌,7.779353564177613
角度,7.779353564177613
羽球,7.779353564177613
原住民,7.779353564177613
渡假,7.779353564177613
故障,7.779353564177613
尖峰,7.779353564177613
孩童,7.779353564177613
效果,7.779353564177613
夜空,7.779353564177613
好心,7.779353564177613
夜衝,7.779353564177613
速度,7.779353564177613
雨水,7.779353564177613
太暗,7.779353564177613
爬山,7.779353564177613
棒球,7.779353564177613
地主,7.779353564177613
代表,7.779353564177613
整片,7.779353564177613
夫人,7.779353564177613
老板娘,7.779353564177613
岔路,7.779353564177613
洗菜,7.779353564177613
坑洞,7.66157052852123
碎石子,7.66157052852123
酒精,7.66157052852123
棒棒,7.66157052852123
基地,7.66157052852123
物品,7.66157052852123
營柱,7.66157052852123
外食,7.66157052852123
小屋,7.66157052852123
玩具,7.66157052852123
一區,7.66157052852123
土地,7.66157052852123
小團,7.66157052852123
回程,7.66157052852123
器具,7.66157052852123
早餐,7.66157052852123
蚊太,7.66157052852123
滑梯,7.66157052852123
啤酒,7.66157052852123
措施,7.66157052852123
水道,7.66157052852123
世界,7.66157052852123
考量,7.66157052852123
架子,7.66157052852123
草區,7.66157052852123
中央,7.66157052852123
帳區,7.66157052852123
供水,7.66157052852123
菜瓜布,7.66157052852123
刀山,7.66157052852123
拖鞋,7.66157052852123
公分,7.66157052852123
面向,7.66157052852123
陪伴,7.66157052852123
奶奶,7.66157052852123
跳蚤,7.66157052852123
落雨,7.66157052852123
太差,7.66157052852123
柴燒,7.556210012863403
豆腐,7.556210012863403
地理位置,7.556210012863403
電箱,7.556210012863403
冷水澡,7.556210012863403
水管,7.556210012863403
地墊,7.556210012863403
工具,7.556210012863403
帆布,7.556210012863403
耳塞,7.556210012863403
方向,7.556210012863403
月台,7.556210012863403
冰棒,7.556210012863403
滑草,7.556210012863403
漏水,7.556210012863403
平地,7.556210012863403
營主們,7.556210012863403
區營,7.556210012863403
垃圾袋,7.556210012863403
生物,7.556210012863403
置物,7.556210012863403
密集,7.556210012863403
淋雨,7.556210012863403
炊事,7.556210012863403
衣物,7.556210012863403
鞋子,7.460899833059078
仙草,7.460899833059078
三思,7.460899833059078
廁紙,7.460899833059078
流理台,7.460899833059078
天堂,7.460899833059078
棚區,7.460899833059078
待客,7.460899833059078
店家,7.460899833059078
蝌蚪,7.460899833059078
蝴蝶,7.460899833059078
泡茶,7.460899833059078
廚餘,7.460899833059078
臭味,7.460899833059078
原因,7.460899833059078
水瓢,7.460899833059078
全家人,7.460899833059078
燈條,7.460899833059078
外套,7.460899833059078
動線,7.373888456069449
仙境,7.373888456069449
迷人,7.373888456069449
花草,7.373888456069449
泡泡,7.373888456069449
男生,7.373888456069449
泥土,7.373888456069449
佛心,7.373888456069449
河流,7.373888456069449
人工,7.373888456069449
天空,7.373888456069449
營主能,7.373888456069449
人生,7.373888456069449
錯路,7.373888456069449
營繩,7.373888456069449
公用,7.373888456069449
湖景,7.373888456069449
衣服,7.2938457483959125
需注意,7.2938457483959125
寒流,7.2938457483959125
盥洗室,7.2938457483959125
不平,7.2938457483959125
植物,7.2938457483959125
事情,7.2938457483959125
草莓,7.2938457483959125
路途,7.2938457483959125
交流,7.2938457483959125
晚餐,7.2938457483959125
馬胎,7.21973777624219
地形,7.21973777624219
部落,7.21973777624219
疫情,7.21973777624219
教堂,7.21973777624219
空地,7.21973777624219
柏油路,7.21973777624219
區包區,7.21973777624219
暴雨,7.21973777624219
世外桃源,7.21973777624219
老婆,7.21973777624219
群山,7.21973777624219
造景,7.21973777624219
迷路,7.21973777624219
行程,7.21973777624219
球池,7.150744904755238
唱歌,7.150744904755238
泥巴,7.150744904755238
坐式,7.150744904755238
甜湯,7.150744904755238
椅子,7.150744904755238
方式,7.150744904755238
柚子,7.150744904755238
理想,7.150744904755238
日落,7.150744904755238
秘境,7.150744904755238
區離,7.150744904755238
草原,7.086206383617667
特地,7.086206383617667
尖石,7.086206383617667
坡度,7.086206383617667
水源,7.086206383617667
區營位,7.086206383617667
傻眼,7.086206383617667
青苔,7.086206383617667
用餐,7.086206383617667
桌子,7.086206383617667
小路,7.086206383617667
公路,7.025581761801233
石子,7.025581761801233
螃蟹,7.025581761801233
沙池,7.025581761801233
人情味,7.025581761801233
太太,7.025581761801233
特色,7.025581761801233
蜜蜂,7.025581761801233
清境,7.025581761801233
口袋,6.968423347961284
沿路,6.968423347961284
光害,6.968423347961284
羽松,6.968423347961284
友人,6.968423347961284
散步,6.9143561266910085
水泥,6.9143561266910085
噪音,6.9143561266910085
男女,6.9143561266910085
平台,6.9143561266910085
野狗,6.9143561266910085
路面,6.8630628323034575
派出所,6.8630628323034575
好友,6.8630628323034575
女生,6.8630628323034575
一家人,6.8630628323034575
路段,6.8630628323034575
老板,6.8630628323034575
桌椅,6.814272668134025
青蛙,6.814272668134025
游泳池,6.814272668134025
營主說,6.814272668134025
遮雨棚,6.814272668134025
住宿,6.814272668134025
烤肉,6.814272668134025
收訊,6.767752652499133
指示牌,6.767752652499133
水桶,6.767752652499133
玩沙,6.767752652499133
帳數,6.723300889928299
部份,6.723300889928299
走路,6.723300889928299
斜坡,6.723300889928299
地板,6.6807412755095035
太小,6.6807412755095035
小孩子,6.639919280989248
冷水,6.600698567835967
大哥,6.600698567835967
大間,6.600698567835967
高度,6.600698567835967
橘子,6.56295823985312
大片,6.56295823985312
射箭,6.56295823985312
印象,6.56295823985312
水果,6.56295823985312
山谷,6.5265905956822445
營友,6.491499275870975
防蚊,6.491499275870975
小巧,6.457597724195294
待人,6.457597724195294
地面,6.4248079013723025
淋浴,6.4248079013723025
大方,6.4248079013723025
水球,6.4248079013723025
兔子,6.4248079013723025
全家,6.393059203057723
民宿,6.393059203057723
狗狗,6.332434581241287
泳池,6.303447044368035
插座,6.275276167401339
營主會,6.275276167401339
好客,6.247877193213224
森林,6.247877193213224
照片,6.247877193213224
蟑螂,6.247877193213224
帳位,6.247877193213224
味道,6.221208946131063
食材,6.221208946131063
大景,6.221208946131063
梯田,6.221208946131063
路程,6.221208946131063
位子,6.221208946131063
棧板,6.1952334597278025
家庭,6.1952334597278025
小包,6.1952334597278025
原本,6.169915651743512
用品,6.169915651743512
會車,6.169915651743512
咖啡,6.169915651743512
回家,6.169915651743512
食物,6.121125487574081
下雨天,6.121125487574081
蚊香,6.097594990163886
音量,6.097594990163886
家人,5.987594094949558
天幕,5.987594094949558
草坪,5.987594094949558
心情,5.966974807746822
營釘,5.946772100429302
步道,5.9269694731331235
蚊液,5.9269694731331235
瀑布,5.888503192305327
洗碗,5.869811059293174
腹地,5.833443415122299
露客,5.8157438380228985
水量,5.764450543635348
溪流,5.654102486466483
美景,5.5821289868413935
新手,5.5821289868413935
星空,5.568335664709058
客人,5.541306992321139
冷藏,5.528061765571118
山景,5.514989684003765
溪水,5.476768471183568
共用,5.46434595118501
大人,5.416143849367132
溜滑梯,5.392886987202865
水槽,5.392886987202865
山路,5.370158736125309
老街,5.315500323587445
大雨,5.315500323587445
垃圾桶,5.284084127354066
超棒,5.167447223628305
小心,5.167447223628305
垃圾,5.158314740065032
道路,5.149264904545115
碎石,5.046610750485032
夫妻,5.046610750485032
海拔,5.006764841937832
很漂亮,4.91003521547928
玩水,4.895950475597541
朋友,4.85484879991199
交通,4.8283571844650135
蚊子,4.82184250344382
孩子,4.746807317500906
包區,4.627686489002862
雨棚,4.555490197798373
沙坑,4.516460853892638
整理,4.4382601065851635
水池,4.390734964722318
景色,4.373998172366793
露友,4.321460838838912
主人,4.155012631201248
草地,4.119002193678215
小朋友,4.1030528922705365
夜景,3.992327048924152
冰箱,3.950712167688518
浴廁,3.6522191791325214
草皮,3.6421890047725842
地方,3.6421890047725842
小孩,3.6302841022662657
用心,3.60689122269156
營位,3.593493893119739
浴室,3.5470602967045344
營主,2.2770754657321404
